test_name,n,mean,median,std,ci95_low,ci95_high,alternative,cohens_d_paired,rank_biserial,t_stat,t_p,wilcoxon_stat,wilcoxon_p,permutation_p,age_cov_n,age_adjusted_intercept,age_adjusted_intercept_t,age_adjusted_intercept_p,age_beta,age_beta_t,age_beta_p,analysis,experiment,model,generator,inpainter,bag_version,meaning,age_correction_alpha,age_correction_beta
generator_signed_delta_BAG,521,0.7710668152890595,0.5626831000000001,1.8926181193960945,0.6081731354395616,0.9339604951385574,two-sided,0.4074074993718728,0.4573800751575588,9.299249085472146,3.900709998321363e-19,36893.0,1.4891782261311029e-19,9.999000099990002e-05,521,0.7710668152890593,9.43524476805179,0.0,-0.02152026545022517,-4.039871406251414,6.156879960639294e-05,exp0_raw_BAG,exp0,JOOS,GLI,,raw,Tests whether synthetic tumor generator shifts BAG relative to healthy baseline.,,
generator_abs_delta_BAG,521,1.4571388134464491,1.0342711999999996,1.4319057342981105,1.3338976842048869,1.5803799426880114,greater,1.0176220253498094,1.0,23.22765462879414,1.0483819582747376e-82,135981.0,2.3551174428152497e-87,9.999000099990002e-05,521,1.4571388134464491,23.20830465241469,0.0,0.0014980287563614747,0.36603397590381237,0.7144888752644076,exp0_raw_BAG,exp0,JOOS,GLI,,raw,Tests whether synthetic tumor generator causes nonzero absolute BAG perturbation.,,
synthetic_minus_healthy_absolute_error,521,-0.04689321760383877,-0.015292999999999779,1.8696387004796062,-0.20780910696842664,0.1140226717607491,two-sided,-0.02508143289492754,-0.03134996801023673,-0.5724943509142203,0.5672345436521586,65859.0,0.5352549663505466,0.5726427357264273,521,-0.046893217603838806,-0.574336450314826,0.5659889864624286,-0.011102416807225034,-2.0860880389760985,0.037458346620783844,exp0_raw_BAG,exp0,JOOS,GLI,,raw,Tests whether absolute BAG error differs between synthetic tumor and healthy baseline.,,
