test_name,n,mean,median,std,ci95_low,ci95_high,alternative,cohens_d_paired,rank_biserial,t_stat,t_p,wilcoxon_stat,wilcoxon_p,permutation_p,age_cov_n,age_adjusted_intercept,age_adjusted_intercept_t,age_adjusted_intercept_p,age_beta,age_beta_t,age_beta_p,analysis,experiment,model,generator,inpainter,bag_version,meaning,age_correction_alpha,age_correction_beta
generator_signed_delta_BAG,521,2.2072500275404994,0.9984816999999999,4.74326838909234,1.7990068460477682,2.6154932090332306,two-sided,0.46534369267746056,0.5931196270067142,10.62166728701083,5.5268055706727326e-24,27664.0,8.940525598686981e-32,9.999000099990002e-05,521,2.207250027540499,10.786570299953903,0.0,-0.05543376321168049,-4.155898847812791,3.7894898434531754e-05,exp0_raw_BAG,exp0,JOOS,CM,,raw,Tests whether synthetic tumor generator shifts BAG relative to healthy baseline.,,
generator_abs_delta_BAG,521,2.941454183363916,1.415283164,4.325635833813474,2.569155761702624,3.3137526050252077,greater,0.680005043506109,1.0,15.521403726465635,3.193614843893087e-45,135981.0,2.3551174428152497e-87,9.999000099990002e-05,521,2.941454183363916,15.603413470745032,0.0,-0.031351486281272344,-2.551375740938124,0.01101552488117874,exp0_raw_BAG,exp0,JOOS,CM,,raw,Tests whether synthetic tumor generator causes nonzero absolute BAG perturbation.,,
synthetic_minus_healthy_absolute_error,521,0.38116493967255277,-0.0736656,4.077444756513344,0.03022780451322571,0.7321020748318798,two-sided,0.09348132529905567,-0.020157227848008177,2.1337509253910025,0.03333046930899674,66620.0,0.6901533974391809,0.035396460353964605,521,0.38116493967255266,2.165193825144486,0.03082778933545849,-0.04652498812327686,-4.054421190756044,5.797025512865872e-05,exp0_raw_BAG,exp0,JOOS,CM,,raw,Tests whether absolute BAG error differs between synthetic tumor and healthy baseline.,,
