test_name,n,mean,median,std,ci95_low,ci95_high,alternative,cohens_d_paired,rank_biserial,t_stat,t_p,wilcoxon_stat,wilcoxon_p,permutation_p,age_cov_n,age_adjusted_intercept,age_adjusted_intercept_t,age_adjusted_intercept_p,age_beta,age_beta_t,age_beta_p,analysis,experiment,model,generator,inpainter,bag_version,meaning,age_correction_alpha,age_correction_beta
generator_signed_delta_BAG,521,0.7710668152890596,0.5626831000000001,1.8926181193960945,0.6081731354395618,0.9339604951385575,two-sided,0.40740749937187287,0.4573800751575588,9.299249085472148,3.900709998321335e-19,36893.0,1.4891782261311029e-19,9.999000099990002e-05,521,0.7710668152890594,9.43524476805179,0.0,-0.021520265450225173,-4.039871406251414,6.156879960639294e-05,exp0_age_residualized_BAG,exp0,JOOS,GLI,,age_residualized,Tests whether synthetic tumor generator shifts BAG relative to healthy baseline.,3.9124255668097847,-0.153188139434402
generator_abs_delta_BAG,521,1.4571388134464491,1.0342711999999996,1.4319057342981105,1.3338976842048869,1.5803799426880114,greater,1.0176220253498094,1.0,23.22765462879414,1.0483819582747376e-82,135981.0,2.3551174428152497e-87,9.999000099990002e-05,521,1.4571388134464491,23.20830465241469,0.0,0.0014980287563614747,0.36603397590381237,0.7144888752644076,exp0_age_residualized_BAG,exp0,JOOS,GLI,,age_residualized,Tests whether synthetic tumor generator causes nonzero absolute BAG perturbation.,3.9124255668097847,-0.153188139434402
synthetic_minus_healthy_absolute_error,521,0.1502624676574704,0.09145299999999956,1.8951507239636858,-0.012849188165833691,0.3133741234807745,two-sided,0.07928787180747196,0.08088630029195255,1.8097793254455012,0.07090722559219002,62491.0,0.10967004481087156,0.07579242075792421,521,0.15026246765747042,1.8150743040253696,0.07008955456330934,-0.010856175960349079,-2.011775544699602,0.04475992102212434,exp0_age_residualized_BAG,exp0,JOOS,GLI,,age_residualized,Tests whether absolute BAG error differs between synthetic tumor and healthy baseline.,3.9124255668097847,-0.153188139434402
