test_name,n,mean,median,std,ci95_low,ci95_high,alternative,cohens_d_paired,rank_biserial,t_stat,t_p,wilcoxon_stat,wilcoxon_p,permutation_p,age_cov_n,age_adjusted_intercept,age_adjusted_intercept_t,age_adjusted_intercept_p,age_beta,age_beta_t,age_beta_p,analysis,experiment,model,generator,inpainter,bag_version,meaning,age_correction_alpha,age_correction_beta
generator_signed_delta_BAG,521,21.976607849062574,22.7533604,14.711166955032981,20.710448503113643,23.242767195011506,two-sided,1.4938725062557965,0.9636713952684566,34.09827398619135,1.0550533393507326e-134,2470.0,5.595451067809255e-81,9.999000099990002e-05,521,21.976607849062574,77.8636192095516,0.0,-0.8614616513267729,-46.82401344419234,0.0,exp0_raw_BAG,exp0,JOOS,USB,,raw,Tests whether synthetic tumor generator shifts BAG relative to healthy baseline.,,
generator_abs_delta_BAG,521,22.758419285991558,22.882649,13.467621132060208,21.599289325997223,23.917549245985892,greater,1.6898618592569579,1.0,38.57181415044527,5.779661265258276e-155,135981.0,2.3551174428152497e-87,9.999000099990002e-05,521,22.758419285991558,88.61085182382016,0.0,-0.7897580629458666,-47.17345056369873,0.0,exp0_raw_BAG,exp0,JOOS,USB,,raw,Tests whether synthetic tumor generator causes nonzero absolute BAG perturbation.,,
synthetic_minus_healthy_absolute_error,521,14.13165698206219,11.000492000000001,15.718228845333952,12.778821927228224,15.484492036896155,two-sided,0.8990616640791086,0.7818077525536656,20.52146406328015,5.360868876672011e-69,14835.0,6.290483840272519e-54,9.999000099990002e-05,521,14.131656982062188,50.61797890608023,0.0,-0.9358760084749086,-51.42671529654745,0.0,exp0_raw_BAG,exp0,JOOS,USB,,raw,Tests whether absolute BAG error differs between synthetic tumor and healthy baseline.,,
