test_name,n,mean,median,std,ci95_low,ci95_high,alternative,cohens_d_paired,rank_biserial,t_stat,t_p,wilcoxon_stat,wilcoxon_p,permutation_p,age_cov_n,age_adjusted_intercept,age_adjusted_intercept_t,age_adjusted_intercept_p,age_beta,age_beta_t,age_beta_p,analysis,experiment,model,generator,inpainter,bag_version,meaning,age_correction_alpha,age_correction_beta
generator_signed_delta_BAG,521,-4.901872552136852,-6.0807421999999995,13.309731037819168,-6.0474132422203,-3.756331862053403,two-sided,-0.3682923823335228,-0.38731146263080873,-8.406429937793677,4.0778459923077153e-16,41657.0,1.8620985162622505e-14,9.999000099990002e-05,521,-4.901872552136852,-22.87726980618485,0.0,-0.8062323819004522,-57.72463224996506,0.0,exp0_raw_BAG,exp0,BNX,USB,,raw,Tests whether synthetic tumor generator shifts BAG relative to healthy baseline.,,
generator_abs_delta_BAG,521,12.166818709127256,11.692550500000001,7.273743862105109,11.540782800542027,12.792854617712484,greater,1.6727037602346961,1.0,38.180173258004146,2.926489264674617e-153,135981.0,2.3551174428152497e-87,9.999000099990002e-05,521,12.166818709127254,44.30156756032004,0.0,0.24091805938304467,13.45767920286897,0.0,exp0_raw_BAG,exp0,BNX,USB,,raw,Tests whether synthetic tumor generator causes nonzero absolute BAG perturbation.,,
synthetic_minus_healthy_absolute_error,521,9.20046203306737,9.1979106,7.92872431227057,8.518053328161784,9.882870737972954,two-sided,1.1603962593110528,0.9146939645979953,26.486537115346483,1.693254292123435e-98,5800.0,3.8358151180023856e-73,9.999000099990002e-05,521,9.200462033067371,31.827310134616607,0.0,0.2869154623113061,15.226602522843727,0.0,exp0_raw_BAG,exp0,BNX,USB,,raw,Tests whether absolute BAG error differs between synthetic tumor and healthy baseline.,,
