test_name,n,mean,median,std,ci95_low,ci95_high,alternative,cohens_d_paired,rank_biserial,t_stat,t_p,wilcoxon_stat,wilcoxon_p,permutation_p,age_cov_n,age_adjusted_intercept,age_adjusted_intercept_t,age_adjusted_intercept_p,age_beta,age_beta_t,age_beta_p,analysis,experiment,model,generator,inpainter,bag_version,meaning,age_correction_alpha,age_correction_beta
generator_signed_delta_BAG,520,0.1761533865561539,0.07983399000000002,2.2356136481355375,-0.016446991367850633,0.3687537644801584,two-sided,0.07879419894536013,0.07742507013140411,1.796784185557441,0.07295120667693282,62486.0,0.1260769267717556,0.0714928507149285,520,0.17615338655615387,1.861470690849863,0.06324392586282102,-0.03852047112973419,-6.248358612230917,8.664136075253737e-10,exp0_raw_BAG,exp0,BNX,CM,,raw,Tests whether synthetic tumor generator shifts BAG relative to healthy baseline.,,
generator_abs_delta_BAG,520,1.5260770092492306,1.1227666099999998,1.64184647417013,1.384630274174016,1.6675237443244453,greater,0.9294882519515627,1.0,21.195593255870552,1.351171916689875e-72,135460.0,3.4299503496214125e-87,9.999000099990002e-05,520,1.526077009249231,21.2596473873768,0.0,-0.009516927200521684,-2.0350988357233737,0.042349511463624534,exp0_raw_BAG,exp0,BNX,CM,,raw,Tests whether synthetic tumor generator causes nonzero absolute BAG perturbation.,,
synthetic_minus_healthy_absolute_error,520,0.4630001531934615,0.28944587999999993,1.9180150666183136,0.2977612144337596,0.6282390919531634,two-sided,0.24139547246090476,0.23852059648604754,5.504663708602386,5.822713851561865e-08,51575.0,2.444964524955539e-06,9.999000099990002e-05,520,0.46300015319346155,5.5047607671785475,5.824597870685011e-08,-0.005529322027510116,-1.0091096285983798,0.3133931924874602,exp0_raw_BAG,exp0,BNX,CM,,raw,Tests whether absolute BAG error differs between synthetic tumor and healthy baseline.,,
