test_name,n,mean,median,std,ci95_low,ci95_high,alternative,cohens_d_paired,rank_biserial,t_stat,t_p,wilcoxon_stat,wilcoxon_p,permutation_p,age_cov_n,age_adjusted_intercept,age_adjusted_intercept_t,age_adjusted_intercept_p,age_beta,age_beta_t,age_beta_p,analysis,experiment,model,generator,inpainter,bag_version,meaning,age_correction_alpha,age_correction_beta
generator_signed_delta_BAG,521,-4.901872552136852,-6.0807421999999995,13.309731037819168,-6.0474132422203,-3.756331862053403,two-sided,-0.3682923823335228,-0.38731146263080873,-8.406429937793677,4.0778459923077153e-16,41657.0,1.8620985162622505e-14,9.999000099990002e-05,521,-4.901872552136853,-22.877269806184852,0.0,-0.8062323819004522,-57.72463224996506,0.0,exp0_age_residualized_BAG,exp0,BNX,USB,,age_residualized,Tests whether synthetic tumor generator shifts BAG relative to healthy baseline.,0.5057478159223338,-0.023091080513915365
generator_abs_delta_BAG,521,12.166818709127256,11.692550500000001,7.27374386210511,11.540782800542027,12.792854617712484,greater,1.672703760234696,1.0,38.18017325800414,2.926489264674783e-153,135981.0,2.3551174428152497e-87,9.999000099990002e-05,521,12.166818709127254,44.30156756032004,0.0,0.24091805938304459,13.457679202868967,0.0,exp0_age_residualized_BAG,exp0,BNX,USB,,age_residualized,Tests whether synthetic tumor generator causes nonzero absolute BAG perturbation.,0.5057478159223338,-0.023091080513915365
synthetic_minus_healthy_absolute_error,521,8.7993636407447,8.800616717682967,7.727228730148647,8.134297238815549,9.46443004267385,two-sided,1.1387476607768836,0.9072517484060273,25.992398665683655,4.519813221611993e-96,6306.0,5.482755153592335e-72,9.999000099990002e-05,521,8.799363640744696,30.212844316672516,0.0,0.25722304720343453,13.549054346961734,0.0,exp0_age_residualized_BAG,exp0,BNX,USB,,age_residualized,Tests whether absolute BAG error differs between synthetic tumor and healthy baseline.,0.5057478159223338,-0.023091080513915365
