test_name,n,mean,median,std,ci95_low,ci95_high,alternative,cohens_d_paired,rank_biserial,t_stat,t_p,wilcoxon_stat,wilcoxon_p,permutation_p,age_cov_n,age_adjusted_intercept,age_adjusted_intercept_t,age_adjusted_intercept_p,age_beta,age_beta_t,age_beta_p,analysis,experiment,model,generator,inpainter,bag_version,meaning,age_correction_alpha,age_correction_beta
generator_signed_delta_BAG,521,1.6722485480896352,1.7006226,2.291415395494494,1.4750312214611703,1.8694658747181,two-sided,0.7297884754452212,0.7103713018730557,16.65773168961116,3.0559478374050576e-50,19692.0,7.821572902997081e-45,9.999000099990002e-05,521,1.6722485480896356,16.924351552318978,0.0,0.027157286597462194,4.216541165823451,2.9269442655133204e-05,exp0_raw_BAG,exp0,BNX,GLI,,raw,Tests whether synthetic tumor generator shifts BAG relative to healthy baseline.,,
generator_abs_delta_BAG,521,2.260387160521881,1.94304653,1.712659234669026,2.112982165185325,2.4077921558584365,greater,1.3198113873240547,1.0,30.12525507137555,2.0380442615230102e-116,135981.0,2.3551174428152497e-87,9.999000099990002e-05,521,2.2603871605218813,30.340762417818535,0.0,0.014130214982260069,2.9097199130496736,0.003772744962112773,exp0_raw_BAG,exp0,BNX,GLI,,raw,Tests whether synthetic tumor generator causes nonzero absolute BAG perturbation.,,
synthetic_minus_healthy_absolute_error,521,0.19520124188119004,0.2582473000000003,2.3722746280485563,-0.008975469636150674,0.39937795339853077,two-sided,0.08228442001327792,0.1085960538604658,1.8781768100410883,0.06091630241981915,60607.0,0.031738375480413424,0.0575942405759424,521,0.19520124188119,1.889133786726397,0.059431113705211924,-0.017927824187241845,-2.661745217052694,0.008014654537294996,exp0_raw_BAG,exp0,BNX,GLI,,raw,Tests whether absolute BAG error differs between synthetic tumor and healthy baseline.,,
