model,alpha,beta,fit_source
BNX,0.5057478159223338,-0.023091080513915365,healthy_baseline_only
JOOS,3.9124255668097847,-0.153188139434402,healthy_baseline_only
