test_name,n,mean,median,std,ci95_low,ci95_high,alternative,cohens_d_paired,rank_biserial,t_stat,t_p,wilcoxon_stat,wilcoxon_p,permutation_p,age_cov_n,age_adjusted_intercept,age_adjusted_intercept_t,age_adjusted_intercept_p,age_beta,age_beta_t,age_beta_p,analysis,experiment,model,generator,inpainter,bag_version,meaning,age_correction_alpha,age_correction_beta
generator_signed_delta_BAG,521,1.6722485480896354,1.7006226,2.291415395494494,1.4750312214611705,1.8694658747181003,two-sided,0.7297884754452213,0.7103713018730557,16.657731689611165,3.0559478374049275e-50,19692.0,7.821572902997081e-45,9.999000099990002e-05,521,1.6722485480896356,16.924351552318978,0.0,0.027157286597462194,4.216541165823451,2.9269442655133204e-05,exp0_age_residualized_BAG,exp0,BNX,GLI,,age_residualized,Tests whether synthetic tumor generator shifts BAG relative to healthy baseline.,0.5057478159223338,-0.023091080513915365
generator_abs_delta_BAG,521,2.260387160521881,1.94304653,1.7126592346690257,2.112982165185325,2.4077921558584365,greater,1.319811387324055,1.0,30.125255071375552,2.0380442615228938e-116,135981.0,2.3551174428152497e-87,9.999000099990002e-05,521,2.2603871605218813,30.340762417818535,0.0,0.014130214982260072,2.9097199130496745,0.003772744962112773,exp0_age_residualized_BAG,exp0,BNX,GLI,,age_residualized,Tests whether synthetic tumor generator causes nonzero absolute BAG perturbation.,0.5057478159223338,-0.023091080513915365
synthetic_minus_healthy_absolute_error,521,0.45365502498909577,0.42201999999999984,2.305988286687394,0.25518344012008554,0.652126609858106,two-sided,0.19672911072795682,0.23199564645060708,4.490425448336762,8.762468941825987e-06,52217.0,4.471954494181606e-06,9.999000099990002e-05,521,0.45365502498909577,4.487498720698914,8.882587655190122e-06,-0.003741504452055524,-0.5677846367670069,0.5704267462543187,exp0_age_residualized_BAG,exp0,BNX,GLI,,age_residualized,Tests whether absolute BAG error differs between synthetic tumor and healthy baseline.,0.5057478159223338,-0.023091080513915365
