Model,N,Chronological_Age_Mean,Chronological_Age_STD,Predicted_Brain_Age_Mean,Predicted_Brain_Age_STD,BAG_Mean,BAG_STD,BAG_Median,BAG_Min,BAG_Max,Mean_Absolute_BAG,MAE,RMSE,Correlation_Age_vs_Pred,Correlation_Age_vs_BAG
BrainAgeNeXt,563,48.651763916015625,16.458276748657227,49.470699310302734,17.255142211914062,0.8189347386360168,3.784104824066162,0.8501663208007812,-13.29534912109375,15.003803253173828,3.0669784545898438,3.0669784545898438,3.8717052936553955,0.9759067955472117,0.10071988879637003
Joos,563,48.651763916015625,16.458276748657227,46.9033203125,14.864426612854004,-1.7484406232833862,6.16627836227417,-1.1163978576660156,-19.202003479003906,16.307270050048828,4.999539852142334,4.999539852142334,6.409369945526123,0.9274807570609441,-0.4332932557625343
SFCN,563,48.651763916015625,16.458276748657227,61.761322021484375,5.054431915283203,13.10955810546875,12.464837074279785,11.99917221069336,-23.702335357666016,40.27186965942383,14.479631423950195,14.479631423950195,18.08957290649414,0.8477861756278345,-0.9766031301574281
SynthBA,563,48.651763916015625,16.458276748657227,41.34430694580078,15.200355529785156,-7.307459354400635,7.583935737609863,-6.286563873291016,-32.944644927978516,11.834086418151855,8.237070083618164,8.237070083618164,10.531620979309082,0.888209330621698,-0.38992668337623715
