scale,n,mean_predicted_brain_age,std_predicted_brain_age,mean_bad,std_bad,mean_effective_voxels,mean_base_mask_voxels
0.33,50,42.485296760000004,11.52129811349707,4.108841942000001,3.728201894087573,1010.9149974000002,28130.2
0.66,50,42.323734619999996,11.66885949293493,3.9472797381999998,3.600712860147948,8087.319979200001,28130.2
1.0,40,42.3062812,11.725312312417152,3.929826061,3.6616201919733857,28338.0,28338.0
1.33,40,42.376083875,11.773673906855386,3.99962901375,3.516810032066116,66669.02730600002,28338.0
1.66,20,41.9725429,11.766940194648868,3.596088023,3.303381070706977,82641.51868399998,18066.5
