test_name,n,mean,median,std,ci95_low,ci95_high,alternative,cohens_d_paired,rank_biserial,t_stat,t_p,wilcoxon_stat,wilcoxon_p,permutation_p,age_cov_n,age_adjusted_intercept,age_adjusted_intercept_t,age_adjusted_intercept_p,age_beta,age_beta_t,age_beta_p,analysis,experiment,model,generator,inpainter,bag_version,meaning,age_correction_alpha,age_correction_beta
generator_signed_delta_BAG,521,2.2072500275404994,0.9984817000000001,4.743268389092341,1.7990068460477682,2.6154932090332306,two-sided,0.46534369267746045,0.5931196270067142,10.62166728701083,5.5268055706727326e-24,27664.0,8.940525598686981e-32,9.999000099990002e-05,521,2.207250027540499,10.786570299953903,0.0,-0.05543376321168049,-4.155898847812791,3.7894898434531754e-05,exp0_age_residualized_BAG,exp0,JOOS,CM,,age_residualized,Tests whether synthetic tumor generator shifts BAG relative to healthy baseline.,3.9124255668097847,-0.153188139434402
generator_abs_delta_BAG,521,2.941454183363916,1.4152831640000003,4.325635833813474,2.569155761702624,3.3137526050252077,greater,0.680005043506109,1.0,15.521403726465635,3.193614843893087e-45,135981.0,2.3551174428152497e-87,9.999000099990002e-05,521,2.941454183363915,15.603413470745025,0.0,-0.03135148628127234,-2.551375740938123,0.011015524881178962,exp0_age_residualized_BAG,exp0,JOOS,CM,,age_residualized,Tests whether synthetic tumor generator causes nonzero absolute BAG perturbation.,3.9124255668097847,-0.153188139434402
synthetic_minus_healthy_absolute_error,521,1.0175651541186335,0.25957110000000005,4.117470385546146,0.6631830968513408,1.3719472113859261,two-sided,0.2471335696039651,0.20185908325427818,5.640928614893836,2.7805269378980166e-08,54266.0,6.547938434914358e-05,9.999000099990002e-05,521,1.0175651541186332,5.6946027531803605,2.0723347926576707e-08,-0.03853048225295085,-3.307991697388886,0.0010048356482312837,exp0_age_residualized_BAG,exp0,JOOS,CM,,age_residualized,Tests whether absolute BAG error differs between synthetic tumor and healthy baseline.,3.9124255668097847,-0.153188139434402
