test_name,n,mean,median,std,ci95_low,ci95_high,alternative,cohens_d_paired,rank_biserial,t_stat,t_p,wilcoxon_stat,wilcoxon_p,permutation_p,age_cov_n,age_adjusted_intercept,age_adjusted_intercept_t,age_adjusted_intercept_p,age_beta,age_beta_t,age_beta_p,analysis,experiment,model,generator,inpainter,bag_version,meaning,age_correction_alpha,age_correction_beta
generator_signed_delta_BAG,521,21.976607849062574,22.7533604,14.711166955032981,20.710448503113643,23.242767195011506,two-sided,1.4938725062557965,0.9636713952684566,34.09827398619135,1.0550533393507326e-134,2470.0,5.595451067809255e-81,9.999000099990002e-05,521,21.976607849062574,77.86361920955159,0.0,-0.8614616513267729,-46.82401344419233,0.0,exp0_age_residualized_BAG,exp0,JOOS,USB,,age_residualized,Tests whether synthetic tumor generator shifts BAG relative to healthy baseline.,3.9124255668097847,-0.153188139434402
generator_abs_delta_BAG,521,22.758419285991558,22.882649,13.467621132060208,21.599289325997223,23.917549245985892,greater,1.6898618592569579,1.0,38.57181415044527,5.779661265258276e-155,135981.0,2.3551174428152497e-87,9.999000099990002e-05,521,22.758419285991558,88.61085182382013,0.0,-0.7897580629458666,-47.17345056369872,0.0,exp0_age_residualized_BAG,exp0,JOOS,USB,,age_residualized,Tests whether synthetic tumor generator causes nonzero absolute BAG perturbation.,3.9124255668097847,-0.153188139434402
synthetic_minus_healthy_absolute_error,521,17.888388342126227,17.282959499999997,14.008978008092395,16.682664928996797,19.094111755255657,two-sided,1.2769231511244332,0.948169229524713,29.14631287744995,2.0000339304400246e-111,3524.0,1.8707474988868735e-78,9.999000099990002e-05,521,17.88838834212622,93.03912179585446,0.0,-0.8664550722291161,-69.13519547652825,0.0,exp0_age_residualized_BAG,exp0,JOOS,USB,,age_residualized,Tests whether absolute BAG error differs between synthetic tumor and healthy baseline.,3.9124255668097847,-0.153188139434402
